[
    {
        "action": {
            "selector": ".baiduapp-ad-container,.baiduapp-ad-main,.baiduapp-ad-body",
            "type": "css-display-none"
        },
        "trigger": {
            "url-filter": "^https?://([^/:]*\\.)?baidu\\.com[/:]",
            "if-top-url": ["^https?://([^/:]*\\.)?baidu\\.com[/:]"]
        }
    },
    {
        "action": {
            "type": "block"
        },
        "trigger": {
            "url-filter": "^https?://([^/:]*\\.)23wx\\..*/wap/qijixs/noimg\\.jpg"
        }
    },
    {
        "action": {
            "type": "block"
        },
        "trigger": {
            "load-type": [
                "third-party",
                "first-party"
            ],
            "url-filter": "/_ads/",
            "url-filter-is-case-sensitive": true
        }
    },
    {
        "action": {
            "selector": ".tags,.author,.footer",
            "type": "css-display-none"
        },
        "trigger": {
            "url-filter": "^https?://([^/:]*\\.)?guokr\\.com.*",
            "if-top-url": ["^https?://([^/:]*\\.)?guokr\\.com[/:]"]
        }
    },
    {
        "action": {
            "selector": ".download,.share,.article_title,.course-list,.article,.approe,.breadcrumb,.footer_box,.tags-warp,#gocomment,iframe,ins,.templet,.adsbygoogle,footer",
            "type": "css-display-none"
        },
        "trigger": {
            "url-filter": "^https?://([^/:]*\\.)?iheima\\.com.*",
            "if-top-url": ["^https?://([^/:]*\\.)?iheima\\.com[/:]"]
        }
    },
    {
        "action": {
            "selector": "#fllow1,.adsbygoogle,.m-header,.desktop,.m-qr-code,#share,ins,.s-ewm,.share-wx-item",
            "type": "css-display-none"
        },
        "trigger": {
            "url-filter": "^https?://([^/:]*\\.)?xinhuanet\\.com.*",
            "if-top-url": ["^https?://([^/:]*\\.)?xinhuanet\\.com[/:]"]
        }
    },
    {
        "action": {
            "selector": ".wx-adWrapper,.panel",
            "type": "css-display-none"
        },
        "trigger": {
            "url-filter": "^https?://weather\\.com/.*"
        }
    },
    {
        "action": {
            "selector": ".tdl,.mt-3560,.flexbox,.mt8,.app-down-detail,.app-down,iframe,ins,.templet,.adsbygoogle,.footer",
            "type": "css-display-none"
        },
        "trigger": {
            "url-filter": "^https?://([^/:]*\\.)?sofun\\.com.*",
            "if-top-url": ["^https?://([^/:]*\\.)?sofun\\.com[/:]"]
        }
    },
    {
        "action": {
            "selector": ".footer,.footer2",
            "type": "css-display-none"
        },
        "trigger": {
            "url-filter": "^https?://([^/:]*\\.)?sogou\\.com.*",
            "if-top-url": ["^https?://([^/:]*\\.)?sogou\\.com[/:]"]
        }
    },
    {
        "action": {
            "selector": ".qr_code_pc_outer,",
            "type": "css-display-none"
        },
        "trigger": {
            "if-top-url": [
                "^https?://([^/:]*\\.)?sogou\\.com[/:]"
            ],
            "url-filter": "^https?://([^/:]*\\.)?weixin\\.qq\\.com.*",
            "if-top-url": ["^https?://([^/:]*\\.)?weixin\\.qq\\.com[/:]"]
        }
    },
    {
        "action": {
            "selector": ".download,.close,.icon_ad,.icon-container,.share-card-container-true,.slider-container,.banner-top,#detailAd,#detailAd2,#detailAd3,.info,.download-text",
            "type": "css-display-none"
        },
        "trigger": {
            "url-filter": "^https?://.*toutiao\\.com.*",
            "if-top-url": ["^https?://([^/:]*\\.)?toutiao\\.com[/:]"]
        }
    },
    {
        "action": {
            "selector": ".shortcut,.type5,.lincoapp-home-weather,.j-cms-ads,#image_ad,.lk-footer,.lincoapp-fixed-btn,.lincoapp-share3,#jumphelper,.ios-notices,.ft,.app-qrcode,ins,iframe",
            "type": "css-display-none"
        },
        "trigger": {
            "url-filter": "^https?://([^/:]*\\.)?qq\\.com.*",
            "if-top-url": ["^https?://([^/:]*\\.)?qq\\.com[/:]"]
        }
    },
    {
        "action": {
            "selector": "iframe,ins,#goPageTop,.sina_tj_baner,.videoDes_newsApp,.sina_tj_banner,.footer",
            "type": "css-display-none"
        },
        "trigger": {
            "url-filter": "^https?://([^/:]*\\.)?video\\.sina\\.cn.*",
            "if-top-url": ["^https?://([^/:]*\\.)?video\\.sina\\.cn[/:]"]
        }
    },
    {
        "action": {
            "selector": ".footer,.content2,iframe",
            "type": "css-display-none"
        },
        "trigger": {
            "url-filter": "^https?://([^/:]*\\.)?pconline\\.com\\.cn.*",
            "if-top-url": ["^https?://([^/:]*\\.)?pconline\\.com\\.cn[/:]"]
        }
    },
    {
        "action": {
            "selector": ".top,#BAIDU_DUP_fp_wrapper,.share_btn,.tags,.xiangguan,iframe,ins,.templet,.adsbygoogle,.footer",
            "type": "css-display-none"
        },
        "trigger": {
            "url-filter": "^https?://([^/:]*\\.)?techweb\\.com.*",
            "if-top-url": ["^https?://([^/:]*\\.)?techweb\\.com[/:]"]
        }
    },
    {
        "action": {
            "selector": ".top-banner,.swiper-container,.download,.fix-bar,.tags,.pageAds,iframe,ins,.templet,.adsbygoogle,footer",
            "type": "css-display-none"
        },
        "trigger": {
            "url-filter": "^https?://([^/:]*\\.)?leiphone\\.com.*",
            "if-top-url": ["^https?://([^/:]*\\.)?leiphone\\.com[/:]"]
        }
    },
    {
        "action": {
            "selector": "#jdad,.ind_ad_01,.ind_ad_02,.ind_ad_03,.ind_ad_04,.ind_ad_05,.share_,.ind_ads_news,.pcbox,.ind_appDownload,.ind_bottom_nav,.ind_watch_news,iframe,ins,.templet,.adsbygoogle,.footer",
            "type": "css-display-none"
        },
        "trigger": {
            "url-filter": "^https?://([^/:]*\\.)?cctv\\.com.*",
            "if-top-url": ["^https?://([^/:]*\\.)?cctv\\.com[/:]"]
        }
    },
    {
        "action": {
            "selector": "#app-download,.down-app,.downloadapp,.post-bottom,.post-footer-wx,iframe,ins,.templet,.adsbygoogle",
            "type": "css-display-none"
        },
        "trigger": {
            "url-filter": "^https?://([^/:]*\\.)?pingwest\\.com[/:].*",
            "if-top-url": ["^https?://([^/:]*\\.)?pingwest\\.com[/:]"]
        }
    },
    {
        "action": {
            "selector": ".top-bar,.top-bar-outer,.top-bar-single-app,.m-feed-share-recommend,.open-app-read,.read-in-app,.app-download,.float-openapp,.answer-in-app",
            "type": "css-display-none"
        },
        "trigger": {
            "url-filter": "^https?://([^/:]*\\.)?wukong\\.com.*",
            "if-top-url": ["^https?://([^/:]*\\.)?wukong\\.com[/:]"]
        }
    },
    {
        "action": {
            "selector": ".top-bar-outer",
            "type": "css-display-none"
        },
        "trigger": {
            "url-filter": "^https?://([^/:]*\\.)?dcdapp\\.com.*",
            "if-top-url": ["^https?://([^/:]*\\.)?dcdapp\\.com[/:]"]
        }
    },
    {
        "action": {
            "selector": ".todaysHotter,.CjAdvBt,.ShareArea,.ArtLcBox,#addiv_1,#addiv_2,#addiv_3,#addiv_4,#addiv_10,#addiv_11,#addiv_12,#addiv_13,#addiv_14,footer,.areaFoor,.Footer,iframe,ins",
            "type": "css-display-none"
        },
        "trigger": {
            "url-filter": "^https?://([^/:]*\\.)?cnfol\\.com.*",
            "if-top-url": ["^https?://([^/:]*\\.)?cnfol\\.com[/:]"]
        }
    },
    {
        "action": {
            "selector": "#clientDownload,.return_top,.link,.footlink",
            "type": "css-display-none"
        },
        "trigger": {
            "url-filter": "^https?://([^/:]*\\.)?mtime\\.cn.*",
            "if-top-url": ["^https?://([^/:]*\\.)?mtime\\.cn[/:]"]
        }
    },
    {
        "action": {
            "selector": ".appbanner,.viewmore,.footBar,iframe,ins,.templet,.adsbygoogle",
            "type": "css-display-none"
        },
        "trigger": {
            "url-filter": "^https?://([^/:]*\\.)?szhome\\.com.*",
            "if-top-url": ["^https?://([^/:]*\\.)?szhome\\.com[/:]"]
        }
    },
    {
        "action": {
            "selector": ".m-gameload,.m-newgame,.m-hdNav",
            "type": "css-display-none"
        },
        "trigger": {
            "url-filter": "^https?://([^/:]*\\.)?pcgames\\.com.*",
            "if-top-url": ["^https?://([^/:]*\\.)?pcgames\\.com[/:]"]
        }
    },
    {
        "action": {
            "selector": ".com_da,.fix_mzx,.j_p_sax,.j_native,.sina_tj_baner,.sina_tj_lmt,.j_adImgUp,.videoDes_newsApp,.sina_tj_banner,.mc-fadein,.sina_tj_qp,.holder,.fl_style_da,.pic_container,.container,.j_sax,.j_p_sax,.show,.specSlide2,.specSlide2Wrap,.j_article_relevent_news,.ft_nav,.ft_cm_nav,.templet,.fl_qr,#pageJumpBtn,.j_video_with_ad,.jd,.de_1x1,.com_da,.s_card_white,.s_card_white_m,.big_pic,.xc_conpoment,.ft,.fl_top,#readFooter,#ie-domReady,.footer,ins,iframe",
            "type": "css-display-none"
        },
        "trigger": {
            "url-filter": "^https?://([^/:]*\\.)?sina\\.cn.*",
            "if-top-url": ["^https?://([^/:]*\\.)?sina\\.cn[/:]"]
        }
    },
    {
        "action": {
            "selector": ".origin,#shareBox,.news-list-after",
            "type": "css-display-none"
        },
        "trigger": {
            "url-filter": "^https?://([^/:]*\\.)?crazyzha\\.com.*",
            "if-top-url": ["^https?://([^/:]*\\.)?crazyzha\\.com[/:]"]
        }
    },
    {
        "action": {
            "selector": "iframe,ins,.index-win,#ad_banner,.ad-vbox,.links,.advertise,.app-qianfan-box,.app_down,.app-view-box,.app-vbox,.midAdBox,.index-win-money-img,.index-win-money-text,#backTop,.bill-banner-wrapper,.nocssClassBottomBanner,.bill-placeholder,.graphicMixeCompact,.graphicMixe,.nice-container,.pic-wrapper,.ad-footer,.castedWrapper,.text-wrapper,.article-footer,.c-getall,.feed-item-app,.channel_banner_img,.banner-big-link,.channel_banner,#artLifeService,.nav_maps,.foo,.ath-container,.ath-open,.small-ad-full-banner,.img-wrapper",
            "type": "css-display-none"
        },
        "trigger": {
            "url-filter": "^https?://([^/:]*\\.)?sohu\\.com.*",
            "if-top-url": ["^https?://([^/:]*\\.)?sohu\\.com[/:]"]
        }
    },
    {
        "action": {
            "selector": ".module-city-live,.live-wrapper,.module-footer,.footer-v3,.happening-info-list",
            "type": "css-display-none"
        },
        "trigger": {
            "url-filter": "^https?://([^/:]*\\.)?focus\\.cn.*",
            "if-top-url": ["^https?://([^/:]*\\.)?focus\\.cn[/:]"]
        }
    },
    {
        "action": {
            "selector": ".J_appDownloadWrapper,.sections,.a_d_bd_div,.fixed-linkedme,.fixed-tools,.app,.commentlist-linkedme,.open-article-app-link,.tag-list-wrapper,.function-btn-wrapper,.article-page-split-line,.bottom-info-block,.article-feeds,iframe,ins,.templet,.adsbygoogle",
            "type": "css-display-none"
        },
        "trigger": {
            "url-filter": "^https?://([^/:]*\\.)?36kr\\.com.*",
            "if-top-url": ["^https?://([^/:]*\\.)?36kr\\.com[/:]"]
        }
    },
    {
        "action": {
            "selector": ".arrow_down,.wap-header-wrap,.card-type-one,.card-type-two,card-type-three,#docid-docAppClient,.pbpb-item,.papa-item,.u-ad-wrap,.a_topad,.call_app,.fix-bot,.open-bar,.open-news,.open-client-download-wrap,.icon_appdownload,.newsapp,.newsappDownload,#app_download_recommend,.logo,.newsapp_logo,.ne_idol_act,.a_adtemp,.wakeup_client,.more_client,.arrow_down,.big-image-ad,.prompt-section,.m-yunyuedu,.f-cb,.u_topad,.ne_idol_act,.sub_box,.slide-container,#foot-fixed,.icon-app,.u-layer-ath,.doc-footer-wrapper,.seri_ad,.ztc_box,.idx_foo_link,.footer_a,.bottom_fixed_new,.goTop,.ztc-footer,.feedback,ins,iframe",
            "type": "css-display-none"
        },
        "trigger": {
            "url-filter": "^https?://([^/:]*\\.)?.*163\\.com.*",
            "if-top-url": ["^https?://([^/:]*\\.)?163\\.com[/:]"]
        }
    },
    {
        "action": {
            "selector": ".adsbygoogle,.mt10,.mt20,.container,.download_app,iframe,ins",
            "type": "css-display-none"
        },
        "trigger": {
            "url-filter": "^https?://([^/:]*\\.)?chinanews\\.com.*",
            "if-top-url": ["^https?://([^/:]*\\.)?chinanews\\.com[/:]"]
        }
    },
    {
        "action": {
            "selector": ".ad-container-pr,.baiduapp-ad-body,#detail-HotScrollNews-wrapper,.swipe-backflow-container,.afd-item,.openBox-container,.nr-afdLargePic,#seaction,#SBLvh,#pv8pt8,#qtppR,#xsuXh,#xDRye,#afd_detail,.commentEmbed-backHomeCard,.footer-tips,#subject-swipe,.subject-swipe,.pic_container,.nr-afdLargePic,.ads-item,.onepxT,.swipe-backflow-container,.j_footer,.footer,.topOperate,.novel-holder,.fengchaojieru,.eye-catching-tpl-container,.appPromote_wrapper,.hongbao_page_pop_common,.activity-banner,.ti_item,.j_click_stats,.na-download,.BNJS-download-mask,.ec_ad,.BK-after-content-wrapper,.first-card-container,.first-card-body,.app",
            "type": "css-display-none"
        },
        "trigger": {
            "if-top-url": [
                "^https?://([^/:]*\\.)?baidu\\.com[/:]"
            ],
            "url-filter": "^https?://([^/:]*\\.)?baidu\\.com.*",
        }
    },
    {
        "action": {
            "selector": ".burger-abox,.app_fixed,.v3-footer",
            "type": "css-display-none"
        },
        "trigger": {
            "if-top-url": [
                "^https?://([^/:]*\\.)?baidu\\.com[/:]"
            ],
            "url-filter": "^https?://([^/:]*\\.)?thepaper\\.cn.*"
        }
    },
    {
        "action": {
            "selector": ".top-fixed,.article-editor,#cambrian0,.pannel-title,.list-view",
            "type": "css-display-none"
        },
        "trigger": {
            "url-filter": "^https?://([^/:]*\\.)?pcpop\\.com.*",
            "if-top-url": ["^https?://([^/:]*\\.)?pcpop\\.com[/:]"]
        }
    },
    {
        "action": {
            "selector": ".header-small,.header,.article_flow,.fubiao-dialog,.pic_container,container,.ad_bar,.ad_superscript,.img_flow,.pro_bar,.ad_float,.ad_bottom_contarin,.ad_bottom,.adsbygoogle,iframe,footer",
            "type": "css-display-none"
        },
        "trigger": {
            "url-filter": "^https?://([^/:]*\\.)?huanqiu\\.com.*",
            "if-top-url": ["^https?://([^/:]*\\.)?huanqiu\\.com[/:]"]
        }
    },
    {
        "action": {
            "selector": "iframe,ins,.setApp,.downarea,.foot,.footer,.tip,.btn_qx",
            "type": "css-display-none"
        },
        "trigger": {
            "url-filter": "^https?://([^/:]*\\.)?ubook\\.qq\\.com.*",
            "if-top-url": ["^https?://([^/:]*\\.)?ubook\\.qq\\.com[/:]"]
        }
    },
    {
        "action": {
            "selector": ".Advertisement,.open-in-app-float,.related-more,#TopicSelectionsWidget,.download-app,.quick-nav,.subject-mark,.neo-download-app,.neo-recommendation,.related-topics,.open-in-app-center,.toPC,.toApp,.promo_top_banner,#share-flat-btns,iframe,ins,.templet,.adsbygoogle",
            "type": "css-display-none"
        },
        "trigger": {
            "url-filter": "^https?://([^/:]*\\.)?douban\\.com.*",
            "if-top-url": ["^https?://([^/:]*\\.)?douban\\.com[/:]"]
        }
    },
    {
        "action": {
            "selector": ".down_box,.bdshare-new,.yx_nav,.other_intro,.navInfo,.sy_info,#cambrian0,.soft_box,.tj_soft,.good_game,.game_zt,.new_zt,.game_gl,.more_game,.hot_label,.footer,.goTop",
            "type": "css-display-none"
        },
        "trigger": {
            "url-filter": "^https?://([^/:]*\\.)?yxdown\\.com.*",
            "if-top-url": ["^https?://([^/:]*\\.)?yxdown\\.com[/:]"]
        }
    },
    {
        "action": {
            "selector": ".domPC,.float,.adsbygoogle,.pack,.desktop,.txt,.m-qr-code,#share,ins",
            "type": "css-display-none"
        },
        "trigger": {
            "url-filter": "^https?://([^/:]*\\.)?news\\.cn[/:]",
            "if-top-url": ["^https?://([^/:]*\\.)?news\\.com[/:]"]
        }
    },
    {
        "action": {
            "selector": "#air-footer,#channel-nav,.bd-logo4,.topad,.container,.itemA,.newsRow,.footer,.question,.shared,.menu,.xuan,iframe",
            "type": "css-display-none"
        },
        "trigger": {
            "url-filter": "^https?://m\\.weather\\.com\\.cn.*",
            "if-top-url": ["^https?://m\\.weather\\.com\\.cn[/:]"]
        }
    },
    {
        "action": {
            "selector": ".js-open-app,.guide-box,.qr_code_pc,.index-ad-box,.article-ad-box,.share-box,.author-dy-wrap,.article-recommend-wrap,.recommend-info-wrap,.neirong-shouquan-public,.art-sc-wrap,iframe,ins,.templet,.adsbygoogle",
            "type": "css-display-none"
        },
        "trigger": {
            "url-filter": "^https?://([^/:]*\\.)?huxiu\\.com.*",
            "if-top-url": ["^https?://([^/:]*\\.)?huxiu\\.com[/:]"]
        }
    },
    {
        "action": {
            "selector": "#tpl,#__jdMain__,#footer,.comment-hide,.wechat-hide,.shang,.container,#adsense,ins,iframe,.footer",
            "type": "css-display-none"
        },
        "trigger": {
            "url-filter": "^https?://([^/:]*\\.)?jandan\\.net.*",
            "if-top-url": ["^https?://([^/:]*\\.)?jandan\\.net[/:]"]
        }
    },
    {
        "action": {
            "selector": ".jdAdContInner,iframe",
            "type": "css-display-none"
        },
        "trigger": {
            "url-filter": "^https?://([^/:]*\\.)?daman88\\.com.*",
        }
    },
    {
        "action": {
            "selector": "#fdsbarBox,#youli_ad,#mob_image,.mobile_ads,.bz_app_tips,.bz_app_mask,.button-app,.wechat-tab,.tab-list-attach,.footer,iframe,ins",
            "type": "css-display-none"
        },
        "trigger": {
            "url-filter": "^https?://([^/:]*\\.)?baozoumanhua\\.com[/:]",
            "if-top-url": ["^https?://([^/:]*\\.)?baozoumanhua\\.com[/:]"]
        }
    },
    {
        "action": {
            "selector": "#index-ad,.downloadBar,.mod_ad,#HMUpBox,#nAd,.banner_wrap,.adform_2,.adform_1",
            "type": "css-display-none"
        },
        "trigger": {
            "url-filter": "^https?://([^/:]*\\.)?1kkk\\.com.*",
            "if-top-url": ["^https?://([^/:]*\\.)?1kkk\\.com[/:]"]
        }
    },
    {
        "action": {
            "selector": ".top-banner-download,.ion-top-banner-close,#topBanner,#downApp,ins",
            "type": "css-display-none"
        },
        "trigger": {
            "url-filter": "^https?://([^/:]*\\.)?budejie\\.com.*",
            "if-top-url": ["^https?://([^/:]*\\.)?budejie\\.com[/:]"]
        }
    },
    {
        "action": {
            "selector": "#app_home_ad,#divAD,.bdshare_s,.appTil,.AppDs,.a_banner,.timeAD,.subNav,.botNav,.ad_36_a,.a1,.bottomDown,ins",
            "type": "css-display-none"
        },
        "trigger": {
            "url-filter": "^https?://([^/:]*\\.)?dmzj\\.com.*",
            "if-top-url": ["^https?://([^/:]*\\.)?dmzj\\.com[/:]"]
        }
    },
    {
        "action": {
            "selector": "#HMRichBox,iframe",
            "type": "css-display-none"
        },
        "trigger": {
            "url-filter": "^https?://([^/:]*\\.)?kukudm\\.com.*",
            "if-top-url": ["^https?://([^/:]*\\.)?kukudm\\.com[/:]"]
        }
    },
    {
        "action": {
            "selector": ".slide-wrapper,.download-btn,.share-user,.download,.cover-wrapper,.welcome-download,ins",
            "type": "css-display-none"
        },
        "trigger": {
            "url-filter": "^https?://([^/:]*\\.)?tuchong\\.com.*",
            "if-top-url": ["^https?://([^/:]*\\.)?tuchong\\.com[/:]"]
        }
    },
    {
        "action": {
            "selector": ".container,.touch-gif-list,.board-box,.itemOther,.board,.like-user,#touch-article-comment,#touch-gif-article,#touch-gif-list,.copyright-nav,ins,iframe",
            "type": "css-display-none"
        },
        "trigger": {
            "url-filter": "^https?://([^/:]*\\.)?qiushibaike\\.com.*",
            "if-top-url": ["^https?://([^/:]*\\.)?qiushibaike\\.com[/:]"]
        }
    },
    {
        "action": {
            "selector": ".header-app,.m-iqylink-guide,.iqy-items",
            "type": "css-display-none"
        },
        "trigger": {
            "url-filter": "^https?://([^/:]*\\.)?iqiyi\\.com.*",
            "if-top-url": ["^https?://([^/:]*\\.)?iqiyi\\.com[/:]"]
        }
    },
    {
        "action": {
            "selector": ".km-banner,.km-banner-container,iframe",
            "type": "css-display-none"
        },
        "trigger": {
            "url-filter": "^https?://([^/:]*\\.)?manhuatai\\.com.*",
            "if-top-url": ["^https?://([^/:]*\\.)?manhuatai\\.com[/:]"]
        }
    },
    {
        "action": {
            "selector": ".widget-balloon,.slide-container,.menu-tip,.prompt-section",
            "type": "css-display-none"
        },
        "trigger": {
            "url-filter": "^https?://manhua\\.[3g]*\\.?163\\.com.*"
        }
    },
    {
        "action": {
            "selector": ".footer",
            "type": "css-display-none"
        },
        "trigger": {
            "url-filter": "^https?://([^/:]*\\.)?neihan\\.net.*",
            "if-top-url": ["^https?://([^/:]*\\.)?neihan\\.net[/:]"]
        }
    },
    {
        "action": {
            "selector": ".fr,.mob-box,.container,.ad_c,#BAIDU_DUP_fp_wrapper,.baiduimageplusm-title-img-only,.__jdMain__,iframe,ins",
            "type": "css-display-none"
        },
        "trigger": {
            "url-filter": "^https?://([^/:]*\\.)?budejie\\.com.*",
            "if-top-url": ["^https?://([^/:]*\\.)?budejie\\.com[/:]"]
        }
    },
    {
        "action": {
            "selector": "#ad,.installApp,.noBorder,ins,footer,.back-top",
            "type": "css-display-none"
        },
        "trigger": {
            "url-filter": "^https?://([^/:]*\\.)?m\\.u17\\.com.*",
            "if-top-url": ["^https?://([^/:]*\\.)?m\\.u17\\.com[/:]"]
        }
    },
    {
        "action": {
            "selector": ".pic_item,.pic_row,.bdNewLogo,.app,.pic_container,.container,#container,.app-links,iframe",
            "type": "css-display-none"
        },
        "trigger": {
            "url-filter": "^https?://([^/:]*\\.)?pengfu\\.com.*",
            "if-top-url": ["^https?://([^/:]*\\.)?pengfu\\.com[/:]"]
        }
    },
    {
        "action": {
            "selector": ".qr_code_pc_outer",
            "type": "css-display-none"
        },
        "trigger": {
            "if-top-url": [
                "^https?://([^/:]*\\.)?weixin\\.qq\\.com[/:]"
            ],
            "url-filter": ".*weixin\\.qq\\.com.*"
        }
    },
    {
        "action": {
            "selector": ".app_float,.footer_bot",
            "type": "css-display-none"
        },
        "trigger": {
            "if-top-url": [
                "^https?://([^/:]*\\.)?17k\\.com[/:]"
            ],
            "url-filter": "^https?://.*17k\\.com.*"
        }
    },
    {
        "action": {
            "selector": "#ft,#colophon,.site-wordpress,.box,.xg2,.zmslogin,.ft,.footer,.page",
            "type": "css-display-none"
        },
        "trigger": {
            "url-filter": "^https?://([^/:]*\\.)?qzzn\\.com.*",
            "if-top-url": ["^https?://([^/:]*\\.)?qzzn\\.com[/:]"]
        }
    },
    {
        "action": {
            "selector": ".native-module-lr,.article-box,.forward,.bottom-app-wrap,.bottom-choose,.down-box,.bottom_down,.bottom-nav,.control_bottom",
            "type": "css-display-none"
        },
        "trigger": {
            "if-top-url": [
                "^https?://m\\.55bbs\\.com[/:]"
            ],
            "url-filter": "^https?://([^/:]*\\.)?55bbs\\.com.*"
        }
    },
    {
        "action": {
            "selector": ".myAppendList1,.myAppendList2,.myAppendList3,.myAppendList4,.myAppendList5,.myAppendList6,.myAppendList7,.myAppendList8,.myAppendList9,.myAppendList10,.myAppendList11,.myAppendList12,.myAppendList13,.myAppendList14,.myAppendList15,.myAppendList16,.myAppendList17,.myAppendList18,.myAppendList19,.myAppendList20,.myAppendList21,.myAppendList22,.myAppendList23,.myAppendList24,.myAppendList25,.myAppendList26,.myAppendList27,.myAppendList28,.myAppendList29,.recommend-headline,.handle-pread,.mark-hide,.adv-mixture,.mark-hide,.adv01,.adv02,.adv03,.adv04,.adv05,.adv06,.adv07,.adv08,.adv09,.advbox-bottom,.union-ad-placeholder,.recommend-suggest,.footer,.recommend-envelope,.application,ins",
            "type": "css-display-none"
        },
        "trigger": {
            "url-filter": "^https?://([^/:]*\\.)?autohome\\.com\\.cn.*"
        }
    },
    {
        "action": {
            "selector": ".sptpAD,.main-nav,.aboutus,.editor_author_moblie,.comment-title,iframe,ins",
            "type": "css-display-none"
        },
        "trigger": {
            "if-top-url": [
                "^https?://([^/:]*\\.)?china\\.com[/:]"
            ],
            "url-filter": "^https?://([^/:]*\\.)?china\\.com\\.*"
        }
    },
    {
        "action": {
            "selector": "ins,iframe",
            "type": "css-display-none"
        },
        "trigger": {
            "url-filter": "^https?://([^/:]*\\.)?baozoumanhua\\.com.*",
            "if-top-url": ["^https?://([^/:]*\\.)?baozoumanhua\\.com[/:]"]
        }
    },
    {
        "action": {
            "selector": ".appdowntop,.foot_breadcrumb,.footer",
            "type": "css-display-none"
        },
        "trigger": {
            "url-filter": "^https?://([^/:]*\\.)?xbiao\\.com.*",
            "if-top-url": ["^https?://([^/:]*\\.)?xbiao\\.com[/:]"]
        }
    },
    {
        "action": {
            "selector": "i,#push_click,#_embed_v3_dc,.footer,.foot",
            "type": "css-display-none"
        },
        "trigger": {
            "if-top-url": [
                "^https?://([^/:]*\\.)?xitek\\.com[/:]"
            ],
            "url-filter": "^https?://.*xitek\\.com.*"
        }
    },
    {
        "action": {
            "selector": "ins,footer,.pic_img_block,.pic_main,.container_main,.app,#div_ad,#btn_download,#tiexue_top_ad,#xnSmartBarCacheCSSID,.g_iframe,.my_a_box,.articleList,#pinglun,.titleDownT,.baiduimageplusm_fake_mask,.baiduimageplusm-title-img-only,.pageDowngg,.moneyBox",
            "type": "css-display-none"
        },
        "trigger": {
            "url-filter": "^https?://([^/:]*\\.)?tiexue\\.net[/:]",
            "if-top-url": ["^https?://([^/:]*\\.)?tiexue\\.net[/:]"]
        }
    },
    {
        "action": {
            "selector": ".m-footer",
            "type": "css-display-none"
        },
        "trigger": {
            "url-filter": "^https?://bbs\\.tianya\\.cn/m/reply\\.jsp*",
            "if-top-url": ["^https?://bbs\\.tianya\\.cn/m/reply\\.jsp*"]
        }
    },
    {
        "action": {
            "selector": "iframe,ins,#gongao,#labtuiguang,#tuiguang,.fc_tutu,.logo-bar,.top-bar,.adsbygoogle,.mangguo,.share-bar,.last,.im,.ewm,footer,#ViewRight,#RightViews,#aswift_0_expand,#aswift_1_expand,#aswift_2_expand,.mtb5,.weibu,.gg,.shiul,.tdstyon,.tdstyoff,.con-right,.amsad248,.mt5,.friendLink",
            "type": "css-display-none"
        },
        "trigger": {
            "if-top-url": [
                "^https?://([^/:]*\\.)?jinti\\.com[/:]"
            ],
            "url-filter": "^https?://([^/:]*\\.)?jinti\\.com.*"
        }
    },
    {
        "action": {
            "selector": ".top-guide,.top-guide-wrap",
            "type": "css-display-none"
        },
        "trigger": {
            "if-top-url": [
                "^https?://([^/:]*\\.)?tieba.baidu\\.com[/:]"
            ],
            "url-filter": "^https?://tieba\\.baidu\\.com.*"
        }
    },

    {
        "action": {
            "selector": "#divFooter,.newshoufooter,.bannerada,.A1,.A2,.A3,.A4,.A5,.A6,.A7,.A8,.A9,.A10,.A11,.A12,banner-1,banner-2,banner-3,banner-4,banner-5,banner-6,.rightbox,.appbanner",
            "type": "css-display-none"
        },
        "trigger": {
            "url-filter": "www.szhome.com*",
            "if-top-url": ["^https?://([^/:]*\\.)?m\\.szhome\\.com[/:]"]
        }
    },
    {
        "action": {
            "selector": ".app-link,#origin_device,#unlogin_wrapper,.power_by_vmo,#bottombtn_wrapper,#advert1,#advert2,#advert3,#origin_device,.adlinkwrapper,.opt-panel,iframe,ins",
            "type": "css-display-none"
        },
        "trigger": {
            "url-filter": "^https?://([^/:]*\\.)?xici\\.net.*",
            "if-top-url": ["^https?://([^/:]*\\.)?xici\\.net[/:]"]
        }
    },
    {
        "action": {
            "selector": ".foot_pop_banner,#foot_pop_banner,.rntop,footer,iframe,ins,.templet",
            "type": "css-display-none"
        },
        "trigger": {
            "url-filter": "^https?://([^/:]*\\.)?kdslife\\.com.*",
            "if-top-url": ["^https?://([^/:]*\\.)?kdslife\\.com[/:]"]
        }
    },
    {
        "action": {
            "selector": "#_embed_v3_dc,.fbc,.hotmudidibox,.goto_fatie_box,.footer,.footer-new,.adtop,.adtop_r,.difangbanbox,.footerbox,.friendLinkbox",
            "type": "css-display-none"
        },
        "trigger": {
            "url-filter": "^https?://([^/:]*\\.)?8264.com.*",
            "if-top-url": ["^https?://([^/:]*\\.)?8264\\.com[/:]"]
        }
    },
    {
        "action": {
            "selector": "iframe,.pic_container,.app-dl,#right-qrcode,.rel-zt,.footer-nav,.footer,.footer-new",
            "type": "css-display-none"
        },
        "trigger": {
            "url-filter": "^https?://([^/:]*\\.)?lady8844\\.com.*",
            "if-top-url": ["^https?://([^/:]*\\.)?lady8844\\.com[/:]"]
        }
    },
    {
        "action": {
            "selector": ".J_pm,#downBannerd,.guanggao,.checkMore,.openAPP,.upLoadApp-icon",
            "type": "css-display-none"
        },
        "trigger": {
            "if-top-url": [
                "^https?://([^/:]*\\.)?19lou\\.com[/:]"
            ],
            "url-filter": "^https?://[a-z]+.19lou.com"
        }
    },
    {
        "action": {
            "selector": ".open-app,.content-app-link,.baiduimageplusm-title-img-only-wrapper,.dsp-gg,.mop-index-gg,.baiduimageplusm-title-img-only-x,.baiduimageplusm-title-img-only,.container,.detail-ad-01,.detail-ad-02,.detail-ad-03,.detail-ad-04,.detail-ad-05,.detail-ad-06,.detail-ad-07,.detail-ad-08,.detail-ad-09,.detail-ad-10,.detail-ad-11,.detail-ad-12,.detail-ad-13,.detail-ad-14,.detail-ad-15,.detail-ad-16,.detail-ad-17,.detail-ad-18,.detail-ad-19,.detail-ad-20",
            "type": "css-display-none"
        },
        "trigger": {
            "url-filter": "^https?://([^/:]*\\.)?mop\\.com.*",
            "if-top-url": ["^https?://([^/:]*\\.)?mop\\.com[/:]"]
        }
    },
    {
        "action": {
            "selector": "div#wrapper,#BAIDU_DUP_fp_wrapper,bd-hl-content,.baiduimageplusm-title-img-only,.container,.bdshare-slide-button-box,.dzh-detail-ad01,.dzh-detail-ad02,.dzh-detail-ad03,.dzh-detail-ad04,.dzh-detail-ad05,.dzh-detail-ad06,.dzh-detail-ad07,.dzh-detail-ad08,.dzh-detail-ad09,.dzh-detail-ad10,.dzh-detail-ad11,.dzh-detail-ad12,.dzh-detail-ad13,.dzh-detail-ad14,.dzh-detail-ad15,.dzh-detail-ad16,.dzh-detail-ad17,.dzh-detail-ad18,.dzh-detail-ad19,.dzh-detail-ad20",
            "type": "css-display-none"
        },
        "trigger": {
            "url-filter": "^https?://([^/:]*\\.)?m?dzh\\.mop\\.com*",
            "if-top-url": ["^https?://([^/:]*\\.)?m?dzh\\mop\\.com[/:]"]
        }
    },
    {
        "action": {
            "selector": "#nativeShare,.navbar,.app-btn,.pc-btn,.icon-appdown2,.sharearea,.sharearea1,.container_main,.share-appdown,.download-bar,.power_by_vmo,.share-more,.text-center,.cls-likeornot,.cls-advertising,.pagebottom,.cls-bottombox,.popup-share,ins,iframe",
            "type": "css-display-none"
        },
        "trigger": {
            "url-filter": "^https?://([^/:]*\\.)?m\\.kdnet\\.net.*",
            "if-top-url": ["^https?://([^/:]*\\.)?m\\.kdnet\\.net[/:]"]
        }
    },
    {
        "action": {
            "selector": ".friendslink,.indexside,.mainbox-right,.c_spread,.bbsfooter,.bbsRight,.footer-layout,ins,iframe",
            "type": "css-display-none"
        },
        "trigger": {
            "url-filter": "^https?://www\\.kdnet\\.net.*",
            "if-top-url": ["^https?://www\\.kdnet\\.net[/:]"]
        }
    }
]
