[
    {
        "action": {
            "type": "block"
        },
        "trigger": {
            "if-top-url": [
                "about:blank",
                "^https?://([^/:]*\\.)?tianya\\.cn[/:]",
                "^https?://([^/:]*\\.)?hainan\\.net[/:]",
                "^https?://([^/:]*\\.)?eastday\\.com[/:]",
                "^https?://([^/:]*\\.)?163\\.com[/:]",
                "^https?://([^/:]*\\.)?sina\\.cn[/:]",
                "^https?://([^/:]*\\.)?sohu\\.com[/:]",
                "^https?://([^/:]*\\.)?weather\\.com\\.cn[/:]",
                "^https?://([^/:]*\\.)?m.23wx\\.cc[/:]",
                "^https?://([^/:]*\\.)?m\\.qu\\.la[/:]",
                "^https?://([^/:]*\\.)?m\\.37zw\\.net[/:]",
                "^https?://([^/:]*\\.)?m\\.23us\\.so[/:]",
                "^https?://([^/:]*\\.)?m\\.biqiuge\\.com[/:]",
                "^https?://([^/:]*\\.)?m\\.boluoxs\\.com[/:]",
                "^https?://([^/:]*\\.)?m\\.mht\\.la[/:]",
                "^https?://([^/:]*\\.)?m\\.xiaoshuo2016\\.com[/:]",
                "^https?://([^/:]*\\.)?wap\\.xxbiquge\\.com[/:]",
                "^https?://([^/:]*\\.)?wap\\.mianhuatang\\.la[/:]",
                "^https?://([^/:]*\\.)?m\\.wanben\\.me[/:]",
                "^https?://([^/:]*\\.)?www\\.5du5\\.la[/:]",
                "^https?://([^/:]*\\.)?2bgif\\.com[/:]",
                "^https?://([^/:]*\\.)?www\\.ihuaben\\.com[/:]",
                "^https?://([^/:]*\\.)?www\\.xiaoshuo2016\\.com[/:]",
                "^https?://([^/:]*\\.)?m\\.xs8\\.cn[/:]",
                "^https?://([^/:]*\\.)?yuedu\\.3g\\.163\\.com[/:]",
                "^https?://([^/:]*\\.)?m\\.qbxsw\\.com[/:]",
                "^https?://([^/:]*\\.)?m\\.yidudu\\.org[/:]",
                "^https?://([^/:]*\\.)?m\\.aiduwenxue\\.com[/:]",
                "^https?://([^/:]*\\.)?www\\.wukong\\.com[/:]",
                "^https?://([^/:]*\\.)?www\\.xcar\\.com\\.cn[/:]",
                "^https?://([^/:]*\\.)?a\\.xcar\\.com\\.cn[/:]",
                "^https?://([^/:]*\\.)?m\\.autohome\\.com\\.cn[/:]",
                "^https?://([^/:]*\\.)?toutiao\\.com[/:]",
                "^https?://([^/:]*\\.)?ifeng\\.com[/:]",
                "^https?://([^/:]*\\.)?chinanews\\.com[/:]",
                "^https?://([^/:]*\\.)?techweb\\.com[/:]",
                "^https?://([^/:]*\\.)?pengfu\\.com[/:]",
                "^https?://([^/:]*\\.)?qiushibaike\\.com[/:]",
                "^https?://([^/:]*\\.)?mydrivers\\.com[/:]",
                "^https?://([^/:]*\\.)?jianshu\\.com[/:]"
            ],
            "resource-type": [
                "image",
                "style-sheet",
                "script",
                "font",
                "media",
                "raw",
                "document"
            ],
            "url-filter": "^https?://([^/:]*\\.)?baidu\\.com[/:]"
        }
    },
    {
        "action": {
            "type": "block"
        },
        "trigger": {
            "resource-type": [
                "image",
                "style-sheet",
                "script",
                "font",
                "media",
                "raw",
                "document"
            ],
            "unless-top-url": [
                "^https?://([^/:]*\\.)?baidu\\.com[/:]",
                "^https?://([^/:]*\\.)?.*\\.baidu\\.com[/:]",
                "^https?://([^/:]*\\.)?.*\\.hao123\\.com[/:]",
                "^https?://([^/:]*\\.)?baidustatic\\.com[/:]",
                "^https?://([^/:]*\\.)?bdstatic\\.com[/:]",
                "^https?://([^/:]*\\.)?.*\\.baidustatic\\.com[/:]",
                "^https?://([^/:]*\\.)?.*\\.bdstatic\\.com[/:]",
                "^https?://([^/:]*\\.)?.*\\.nuomi\\.com[/:]"
            ],
            "url-filter": "^https?://([^/:]*\\.)?baidu\\.com[/:]"
        }
    },
    {
        "action": {
            "type": "block"
        },
        "trigger": {
            "resource-type": [
                "image",
                "style-sheet",
                "script",
                "font",
                "media",
                "raw",
                "document"
            ],
            "unless-top-url": [
                "^https?://([^/:]*\\.)?baidu\\.com[/:]",
                "^https?://([^/:]*\\.)?.*\\.baidu\\.com[/:]",
                "^https?://([^/:]*\\.)?.*\\.hao123\\.com[/:]",
                "^https?://([^/:]*\\.)?baidustatic\\.com[/:]",
                "^https?://([^/:]*\\.)?bdstatic\\.com[/:]",
                "^https?://([^/:]*\\.)?.*\\.baidustatic\\.com[/:]",
                "^https?://([^/:]*\\.)?.*\\.bdstatic\\.com[/:]",
                "^https?://([^/:]*\\.)?.*\\.nuomi\\.com[/:]"
            ],
            "url-filter": "^https?://.*\\.bdstatic\\.com/.*"
        }
    },
    {
        "action": {
            "type": "block"
        },
        "trigger": {
            "resource-type": [
                "image",
                "style-sheet",
                "script",
                "font",
                "media",
                "raw",
                "document"
            ],
            "unless-top-url": [
                "^https?://([^/:]*\\.)?baidu\\.com[/:]",
                "^https?://([^/:]*\\.)?.*\\.baidu\\.com[/:]",
                "^https?://([^/:]*\\.)?.*\\.hao123\\.com[/:]",
                "^https?://([^/:]*\\.)?baidustatic\\.com[/:]",
                "^https?://([^/:]*\\.)?bdstatic\\.com[/:]",
                "^https?://([^/:]*\\.)?.*\\.baidustatic\\.com[/:]",
                "^https?://([^/:]*\\.)?.*\\.bdstatic\\.com[/:]",
                "^https?://([^/:]*\\.)?.*\\.nuomi\\.com[/:]"
            ],
            "url-filter": "^https?://.*\\.baidustatic\\.com/.*"
        }
    },
    {
        "action": {
            "type": "block"
        },
        "trigger": {
            "resource-type": [
                "image",
                "style-sheet",
                "script",
                "font",
                "media",
                "raw",
                "document"
            ],
            "unless-top-url": [
                "^https?://([^/:]*\\.)?.*pos[0-9]*\\.baidu\\.com[/:]",
                "^https?://([^/:]*\\.)?.*.baidu\\.com[/:]",
                "^https?://([^/:]*\\.)?.*\\.hao123\\.com[/:]"
            ],
            "url-filter": "^https?://.*pos[0-9]*\\.baidu\\.com/s.*"
        }
    },
    {
        "action": {
            "type": "block"
        },
        "trigger": {
            "url-filter": "^https?://.*adf\\.baidu\\.com*"
        }
    },
    {
        "action": {
            "type": "block"
        },
        "trigger": {
            "url-filter": "^https?://.*cpro\\.baidu\\.com/c.*"
        }
    },
    {
        "action": {
            "type": "block"
        },
        "trigger": {
            "url-filter": "^https?://.*mo\\.baidu\\.com.*"
        }
    },
    {
        "action": {
            "type": "block"
        },
        "trigger": {
            "url-filter": "^https?://cpro[0-9]*\\.baidustatic\\.com/cpro.*"
        }
    },
    {
        "action": {
            "type": "block"
        },
        "trigger": {
            "resource-type": [
                "image",
                "style-sheet",
                "script",
                "font",
                "media",
                "raw",
                "document"
            ],
            "unless-top-url": [
                "^https?://([^/:]*\\.)?.*cpro.*\\.baidu\\.com[/:]"
            ],
            "url-filter": "^https?://.*cpro.*\\.baidu\\.com/cp.*"
        }
    },
    {
        "action": {
            "type": "block"
        },
        "trigger": {
            "if-top-url": [
                "^https?://([^/:]*\\.)?douban\\.com[/:]"
            ],
            "url-filter": "^https?://.*baidu\\.com/it.*"
        }
    },
    {
        "action": {
            "type": "block"
        },
        "trigger": {
            "if-top-url": [
                "^https?://([^/:]*\\.)?tianya\\.cn[/:]",
                "^https?://([^/:]*\\.)?eastday\\.com[/:]"
            ],
            "url-filter": "^https?://lm\\.jd\\.com"
        }
    },
    {
        "action": {
            "type": "block"
        },
        "trigger": {
            "url-filter": "^https?://[a-z0-9A-Z]+\\.alimama\\.com/acookie\\.html.*"
        }
    },
    {
        "action": {
            "type": "block"
        },
        "trigger": {
            "url-filter": "^https?://[a-z0-9A-Z]+\\.csbew\\.com/acookie\\.html.*"
        }
    },
    {
        "action": {
            "type": "block"
        },
        "trigger": {
            "url-filter": "^https?://[a-zA-Z0-9]+\\.mlnbike\\.com.*"
        }
    },
    {
        "action": {
            "type": "block"
        },
        "trigger": {
            "if-top-url": [
                "^https?://([^/:]*\\.)?tianya\\.cn[/:]"
            ],
            "url-filter": "^https?://tu\\.baixing\\.com"
        }
    },
    {
        "action": {
            "type": "block"
        },
        "trigger": {
            "url-filter": "^https?://j\\.h5abc\\.com/fshow\\.aspx"
        }
    },
    {
        "action": {
            "type": "block"
        },
        "trigger": {
            "if-top-url": [
                "^https?://([^/:]*\\.)?tianya\\.cn[/:]"
            ],
            "url-filter": "^https?://801\\.tianya\\.cn/dolphin/tianya/[0-9]+/[0-9]+/[0-9]_[0-9]+.jpg"
        }
    },
    {
        "action": {
            "type": "block"
        },
        "trigger": {
            "if-top-url": [
                "^https?://([^/:]*\\.)?tianya\\.cn[/:]",
                "^https?://([^/:]*\\.)?eastday\\.com[/:]"
            ],
            "url-filter": "^https?://ssp\\..*\\.com/"
        }
    },
    {
        "action": {
            "selector": ":matches(.gg, .gg-item, .gg-third)",
            "type": "css-display-none"
        },
        "trigger": {
            "url-filter": "^https?://.*tianya\\.cn/m"
        }
    },
    {
        "action": {
            "selector": ":matches(.J-toapp, .toapp),.xszh-toindex,#vklpn,#jetmnwbdb,.gg-item,#J_xszh_appdownload,#J_interest_news",
            "type": "css-display-none"
        },
        "trigger": {
            "url-filter": "^https?://.*eastday\\.com"
        }
    },
    {
        "action": {
            "selector": ":matches(.news-item, .news-img3),#J_hot_news,#J_video_tip,.video-tip",
            "type": "css-display-none"
        },
        "trigger": {
            "unless-top-url": [
                "^https?://([^/:]*\\.)?toutiao\\.eastday\\.com[/:]"
            ],
            "url-filter": "^https?://.*eastday\\.com/"
        }
    },
    {
        "action": {
            "type": "block"
        },
        "trigger": {
            "if-top-url": [
                "^https?://([^/:]*\\.)?m\\.weather\\.com\\.cn[/:]"
            ],
            "url-filter": "^https?://.*.yiqiso\\.com"
        }
    },
    {
        "action": {
            "type": "block"
        },
        "trigger": {
            "load-type": [
                "third-party"
            ],
            "resource-type": [
                "image",
                "style-sheet",
                "font",
                "media",
                "raw",
                "document"
            ],
            "url-filter": "^https?://[a-z|A-Z]+\\.tianya\\.cn"
        }
    },
    {
        "action": {
            "type": "block"
        },
        "trigger": {
            "if-top-url": [
                "^https?://([^/:]*\\.)?tianya\\.cn[/:]"
            ],
            "url-filter": "^https?://[a-z]*\\.tanx\\.com/"
        }
    },
    {
        "action": {
            "type": "block"
        },
        "trigger": {
            "if-top-url": [
                "^https?://([^/:]*\\.)?tianya\\.cn[/:]"
            ],
            "url-filter": "^https?://[a-z]*\\.alicdn\\.com/"
        }
    },
    {
        "action": {
            "type": "block"
        },
        "trigger": {
            "resource-type": [
                "image",
                "style-sheet",
                "script",
                "font",
                "media",
                "raw",
                "document"
            ],
            "unless-top-url": [
                "^https?://([^/:]*\\.)?360buyimg\\.com[/:]"
            ],
            "url-filter": "^https?://.*\\.360buyimg\\.com/.*"
        }
    },
    {
        "action": {
            "type": "block"
        },
        "trigger": {
            "resource-type": [
                "image",
                "style-sheet",
                "script",
                "font",
                "media",
                "raw",
                "document"
            ],
            "unless-top-url": [
                "^https?://([^/:]*\\.)?vamaker\\.com[/:]"
            ],
            "url-filter": "^https?://.*\\.vamaker\\.com/.*"
        }
    },
    {
        "action": {
            "type": "block"
        },
        "trigger": {
            "url-filter": "^https?://.*sina\\.com.cn/dsp.*"
        }
    },
    {
        "action": {
            "type": "block"
        },
        "trigger": {
            "resource-type": [
                "image",
                "style-sheet",
                "script",
                "font",
                "media",
                "raw",
                "document"
            ],
            "unless-top-url": [
                "^https?://([^/:]*\\.)?saxn\\.sina\\.com\\.cn[/:]"
            ],
            "url-filter": "^https?://.*saxn\\.sina\\.com\\.cn.*"
        }
    },
    {
        "action": {
            "type": "block"
        },
        "trigger": {
            "url-filter": "^https?://.*s3\\.pfp\\.sina\\.net/ea/ad.*"
        }
    },
    {
        "action": {
            "type": "block"
        },
        "trigger": {
            "resource-type": [
                "image",
                "style-sheet",
                "script",
                "font",
                "media",
                "raw",
                "document"
            ],
            "unless-top-url": [
                "^https?://([^/:]*\\.)?pfp\\.sina\\.net[/:]"
            ],
            "url-filter": "^https?://.*s3\\.pfp\\.sina\\.net/ea/ad.*"
        }
    },
    {
        "action": {
            "type": "block"
        },
        "trigger": {
            "resource-type": [
                "image",
                "style-sheet",
                "script",
                "font",
                "media",
                "raw",
                "document"
            ],
            "unless-top-url": [
                "^https?://([^/:]*\\.)?p4p\\.163\\.com[/:]"
            ],
            "url-filter": "^https?://.*p4p\\.163\\.com/s.*"
        }
    },
    {
        "action": {
            "type": "block"
        },
        "trigger": {
            "url-filter": "^https?://.*pg-ad-b1\\.nosdn\\.127\\.net.*"
        }
    },
    {
        "action": {
            "type": "block"
        },
        "trigger": {
            "resource-type": [
                "image",
                "style-sheet",
                "script",
                "font",
                "media",
                "raw",
                "document"
            ],
            "unless-top-url": [
                "^https?://([^/:]*\\.)?nosdn\\.127\\.net[/:]"
            ],
            "url-filter": "^https?://.*pg-ad-b1\\.nosdn\\.127\\.net.*"
        }
    },
    {
        "action": {
            "type": "block"
        },
        "trigger": {
            "resource-type": [
                "image",
                "style-sheet",
                "script",
                "font",
                "media",
                "raw",
                "document"
            ],
            "unless-top-url": [
                "^https?://([^/:]*\\.)?gdt\\.qq\\.com[/:]",
                "^https?://([^/:]*\\.)?ivideo\\.3g\\.qq\\.com[/:]"
            ],
            "url-filter": "^https?://.*gdt\\.qq\\.com.*"
        }
    },
    {
        "action": {
            "type": "block"
        },
        "trigger": {
            "resource-type": [
                "image",
                "style-sheet",
                "script",
                "font",
                "media",
                "raw",
                "document"
            ],
            "unless-top-url": [
                "^https?://([^/:]*\\.)?html5\\.qq\\.com[/:]",
                "^https?://([^/:]*\\.)?ivideo\\.3g\\.qq\\.com[/:]"
            ],
            "url-filter": "^https?://.*recmd\\.html5\\.qq\\.com.*"
        }
    },
    {
        "action": {
            "type": "block"
        },
        "trigger": {
            "resource-type": [
                "image",
                "style-sheet",
                "script",
                "font",
                "media",
                "raw",
                "document"
            ],
            "unless-top-url": [
                "^https?://([^/:]*\\.)?jd\\.com[/:]",
                "^https?://([^/:]*\\.)?m\\.jd\\.com[/:]"
            ],
            "url-filter": "^https?://.*\\.jd\\.com/dsp.*"
        }
    },
    {
        "action": {
            "type": "block"
        },
        "trigger": {
            "resource-type": [
                "image",
                "style-sheet",
                "script",
                "font",
                "media",
                "raw",
                "document"
            ],
            "unless-top-url": [
                "^https?://([^/:]*\\.)?sogou\\.com[/:]",
                "^https?://([^/:]*\\.)?tanx\\.com[/:]"
            ],
            "url-filter": "^https?://.*\\.sogoucdn\\.com/.*"
        }
    },
    {
        "action": {
            "type": "block"
        },
        "trigger": {
            "resource-type": [
                "image",
                "style-sheet",
                "script",
                "font",
                "media",
                "raw",
                "document"
            ],
            "unless-top-url": [
                "^https?://([^/:]*\\.)?intdmp\\.com[/:]"
            ],
            "url-filter": "^https?://.*display\\.intdmp\\.com.*"
        }
    },
    {
        "action": {
            "type": "block"
        },
        "trigger": {
            "resource-type": [
                "image",
                "style-sheet",
                "script",
                "font",
                "media",
                "raw",
                "document"
            ],
            "unless-top-url": [
                "^https?://([^/:]*\\.)?doubleclick\\.net[/:]"
            ],
            "url-filter": "^https?://.*\\.doubleclick\\.net/.*"
        }
    },
    {
        "action": {
            "type": "block"
        },
        "trigger": {
            "resource-type": [
                "image",
                "style-sheet",
                "script",
                "font",
                "media",
                "raw",
                "document"
            ],
            "unless-top-url": [
                "^https?://([^/:]*\\.)?tanx\\.com[/:]"
            ],
            "url-filter": "^https?://.*\\.tanx\\.com/.*"
        }
    },
    {
        "action": {
            "type": "block"
        },
        "trigger": {
            "resource-type": [
                "image",
                "style-sheet",
                "script",
                "font",
                "media",
                "raw",
                "document"
            ],
            "unless-top-url": [
                "^https?://([^/:]*\\.)?googlesyndication\\.com[/:]"
            ],
            "url-filter": "^https?://.*\\.googlesyndication\\.com/.*"
        }
    },
    {
        "action": {
            "type": "block"
        },
        "trigger": {
            "resource-type": [
                "image",
                "style-sheet",
                "script",
                "font",
                "media",
                "raw",
                "document"
            ],
            "unless-top-url": [
                "^https?://([^/:]*\\.)?cy\\.com[/:]"
            ],
            "url-filter": "^https?://.*\\.cy\\.com/.*"
        }
    },
    {
        "action": {
            "type": "block"
        },
        "trigger": {
            "resource-type": [
                "image",
                "style-sheet",
                "script",
                "font",
                "media",
                "raw",
                "document"
            ],
            "unless-top-url": [
                "^https?://([^/:]*\\.)?85un\\.com[/:]"
            ],
            "url-filter": "^https?://.*\\.85un\\.com/.*"
        }
    },
    {
        "action": {
            "type": "block"
        },
        "trigger": {
            "load-type": [
                "third-party"
            ],
            "url-filter": "^https?://[a-z]+\\.kcooy\\.com.*"
        }
    },
    {
        "action": {
            "type": "block"
        },
        "trigger": {
            "resource-type": [
                "image",
                "style-sheet",
                "script",
                "font",
                "media",
                "raw",
                "document"
            ],
            "unless-top-url": [
                "^https?://([^/:]*\\.)?cnzz\\.com[/:]"
            ],
            "url-filter": "^https?://.*\\.cnzz\\.com/.*"
        }
    },
    {
        "action": {
            "type": "block"
        },
        "trigger": {
            "resource-type": [
                "image",
                "style-sheet",
                "script",
                "font",
                "media",
                "raw",
                "document"
            ],
            "unless-top-url": [
                "^https?://([^/:]*\\.)?vaxyz\\.com[/:]"
            ],
            "url-filter": "^https?://.*\\.vaxyz\\.com/.*"
        }
    },
    {
        "action": {
            "type": "block"
        },
        "trigger": {
            "resource-type": [
                "image",
                "style-sheet",
                "script",
                "font",
                "media",
                "raw",
                "document"
            ],
            "unless-top-url": [
                "^https?://([^/:]*\\.)?srrux\\.com[/:]"
            ],
            "url-filter": "^https?://.*\\.srrux\\.com/.*"
        }
    },
    {
        "action": {
            "type": "block"
        },
        "trigger": {
            "resource-type": [
                "image",
                "style-sheet",
                "script",
                "font",
                "media",
                "raw",
                "document"
            ],
            "unless-top-url": [
                "^https?://([^/:]*\\.)?sceyv\\.com[/:]"
            ],
            "url-filter": "^https?://.*\\.sceyv\\.com/.*"
        }
    },
    {
        "action": {
            "type": "block"
        },
        "trigger": {
            "resource-type": [
                "image",
                "style-sheet",
                "script",
                "font",
                "media",
                "raw",
                "document"
            ],
            "unless-top-url": [
                "^https?://([^/:]*\\.)?18tzx\\.com[/:]"
            ],
            "url-filter": "^https?://.*\\.18tzx\\.com/.*"
        }
    },
    {
        "action": {
            "type": "block"
        },
        "trigger": {
            "resource-type": [
                "image",
                "style-sheet",
                "script",
                "font",
                "media",
                "raw",
                "document"
            ],
            "unless-top-url": [
                "^https?://([^/:]*\\.)?ad-survey\\.com[/:]"
            ],
            "url-filter": "^https?://.*ad-survey\\.com/.*"
        }
    },
    {
        "action": {
            "type": "block"
        },
        "trigger": {
            "resource-type": [
                "image",
                "style-sheet",
                "script",
                "font",
                "media",
                "raw",
                "document"
            ],
            "unless-top-url": [
                "^https?://([^/:]*\\.)?sifuhe\\.cn[/:]"
            ],
            "url-filter": "^https?://.*sifuhe\\.cn/.*"
        }
    },
    {
        "action": {
            "type": "block"
        },
        "trigger": {
            "resource-type": [
                "image",
                "style-sheet",
                "script",
                "font",
                "media",
                "raw",
                "document"
            ],
            "unless-top-url": [
                "^https?://([^/:]*\\.)?wervp\\.com[/:]"
            ],
            "url-filter": "^https?://.*\\.wervp\\.com/.*"
        }
    },
    {
        "action": {
            "type": "block"
        },
        "trigger": {
            "resource-type": [
                "image",
                "style-sheet",
                "script",
                "font",
                "media",
                "raw",
                "document"
            ],
            "unless-top-url": [
                "^https?://([^/:]*\\.)?bbcoe\\.cn[/:]"
            ],
            "url-filter": "^https?://.*\\.bbcoe\\.cn/.*"
        }
    },
    {
        "action": {
            "type": "block"
        },
        "trigger": {
            "url-filter": "^https?://.*googleads\\.g\\.doubleclick\\.net.*"
        }
    },
    {
        "action": {
            "type": "block"
        },
        "trigger": {
            "url-filter": "^https?://.*googlesyndication\\.com.*"
        }
    },
    {
        "action": {
            "type": "block"
        },
        "trigger": {
            "url-filter": "^https?://.*mozist\\.com*"
        }
    },
    {
        "action": {
            "type": "block"
        },
        "trigger": {
            "url-filter": "^https?://.*dyb\\.jdcbuy\\.com.*"
        }
    },
    {
        "action": {
            "type": "block"
        },
        "trigger": {
            "url-filter": "^https?://.*mzwttc\\.com.*"
        }
    },
    {
        "action": {
            "type": "block"
        },
        "trigger": {
            "url-filter": "^https?://.*api\\.ali\\.17k\\.com/.*/ad.*"
        }
    },
    {
        "action": {
            "type": "block"
        },
        "trigger": {
            "url-filter": "^https?://.*h5\\.17k\\.com/fragment/yeuduye/.*"
        }
    },
    {
        "action": {
            "type": "block"
        },
        "trigger": {
            "url-filter": "^https?://.*wgewj\\.cn.*"
        }
    },
    {
        "action": {
            "type": "block"
        },
        "trigger": {
            "url-filter": "^https?://.*6yb39\\.com.*"
        }
    },
    {
        "action": {
            "type": "block"
        },
        "trigger": {
            "url-filter": "^https?://.*rng5\\.com.*"
        }
    },
    {
        "action": {
            "type": "block"
        },
        "trigger": {
            "if-top-url": [
                "^https?://([^/:]*\\.)?m\\.23wx\\.cc[/:]"
            ],
            "url-filter": "^https?://e\\.zhuyuanp\\.top.*"
        }
    },
    {
        "action": {
            "type": "block"
        },
        "trigger": {
            "if-top-url": [
                "^https?://([^/:]*\\.)?m\\.23wx\\.cc[/:]"
            ],
            "url-filter": "^https?://www\\.yucyy\\.com.*"
        }
    },
    {
        "action": {
            "type": "block"
        },
        "trigger": {
            "if-top-url": [
                "^https?://([^/:]*\\.)?m\\.23wx\\.cc[/:]"
            ],
            "url-filter": "^https?://www\\.cqddqz\\.com.*"
        }
    },
    {
        "action": {
            "type": "block"
        },
        "trigger": {
            "url-filter": "^https?://.*lzytt\\.com.*"
        }
    },
    {
        "action": {
            "type": "block"
        },
        "trigger": {
            "url-filter": "^https?://.*ysxufeng\\.com.*"
        }
    },
    {
        "action": {
            "type": "block"
        },
        "trigger": {
            "url-filter": "^https?://.*hmzsfmjc\\.com.*"
        }
    },
    {
        "action": {
            "type": "block"
        },
        "trigger": {
            "url-filter": "^https?://.*miiuv\\.com.*"
        }
    },
    {
        "action": {
            "type": "block"
        },
        "trigger": {
            "url-filter": "^https?://.*bcqom\\.cn.*"
        }
    },
    {
        "action": {
            "type": "block"
        },
        "trigger": {
            "url-filter": "^https?://.*diogv\\.com.*"
        }
    },
    {
        "action": {
            "type": "block"
        },
        "trigger": {
            "url-filter": "^https?://.*juyzr\\.com.*"
        }
    },
    {
        "action": {
            "type": "block"
        },
        "trigger": {
            "url-filter": "^https?://.*snmr6\\.cn.*"
        }
    },
    {
        "action": {
            "type": "block"
        },
        "trigger": {
            "url-filter": "^https?://m\\.uuopp\\.com/"
        }
    },
    {
        "action": {
            "type": "block"
        },
        "trigger": {
            "url-filter": "^https?://e\\.v85968\\.cn/"
        }
    },
    {
        "action": {
            "type": "block"
        },
        "trigger": {
            "url-filter": "^https?://.*vsitq\\.com.*"
        }
    },
    {
        "action": {
            "type": "block"
        },
        "trigger": {
            "url-filter": "^https?://.*bcqom\\.cn.*"
        }
    },
    {
        "action": {
            "type": "block"
        },
        "trigger": {
            "url-filter": "^https?://.*gg1028\\.com.*"
        }
    },
    {
        "action": {
            "type": "block"
        },
        "trigger": {
            "url-filter": "^https?://.*qhuade\\.com.*"
        }
    },
    {
        "action": {
            "type": "block"
        },
        "trigger": {
            "url-filter": "^https?://.*ntjacb\\.com.*"
        }
    },
    {
        "action": {
            "type": "block"
        },
        "trigger": {
            "url-filter": "^https?://.*xiongyin\\.com.*"
        }
    },
    {
        "action": {
            "type": "block"
        },
        "trigger": {
            "url-filter": "^https?://.*zantainet\\.com.*"
        }
    },
    {
        "action": {
            "type": "block"
        },
        "trigger": {
            "url-filter": "^https?://.*u00hv\\.cn.*"
        }
    },
    {
        "action": {
            "type": "block"
        },
        "trigger": {
            "url-filter": "^https?://.*joyyummy\\.com.*"
        }
    },
    {
        "action": {
            "type": "block"
        },
        "trigger": {
            "url-filter": "^https?://m\\.uuopp\\.com/"
        }
    },
    {
        "action": {
            "type": "block"
        },
        "trigger": {
            "url-filter": "^https?://.*/iftp\\.php.*"
        }
    },
    {
        "action": {
            "type": "block"
        },
        "trigger": {
            "url-filter": "^https?://.*\\.18tzx\\.com/"
        }
    },
    {
        "action": {
            "type": "block"
        },
        "trigger": {
            "url-filter": "^https?://.*\\.njxczy\\.com/"
        }
    },
    {
        "action": {
            "type": "block"
        },
        "trigger": {
            "url-filter": "^https?://.*\\.zenwq\\.com/"
        }
    },
    {
        "action": {
            "type": "block"
        },
        "trigger": {
            "url-filter": "^https?://.*\\.cnzz\\.com/"
        }
    },
    {
        "action": {
            "type": "block"
        },
        "trigger": {
            "url-filter": "^https?://.*\\.anyysz\\.com/"
        }
    },
    {
        "action": {
            "type": "block"
        },
        "trigger": {
            "url-filter": "^https?://.*\\.srrux\\.com/"
        }
    },
    {
        "action": {
            "type": "block"
        },
        "trigger": {
            "url-filter": "^https?://.*\\.aa985\\.cn/"
        }
    },
    {
        "action": {
            "type": "block"
        },
        "trigger": {
            "url-filter": "^https?://s\\.ssl\\.qhres\\.com/.*"
        }
    },
    {
        "action": {
            "type": "block"
        },
        "trigger": {
            "url-filter": "^https?://.*/banner/"
        }
    },
    {
        "action": {
            "type": "block"
        },
        "trigger": {
            "url-filter": "^https?://.*xkhejx\\.cn.*"
        }
    },
    {
        "action": {
            "type": "block"
        },
        "trigger": {
            "url-filter": "^https?://.*awqsaged\\.cn.*"
        }
    },
    {
        "action": {
            "type": "block"
        },
        "trigger": {
            "url-filter": "^https?://.*mhxy\\.org\\.cn.*"
        }
    },
    {
        "action": {
            "type": "block"
        },
        "trigger": {
            "url-filter": "^https?://ad\\.doubanio\\.com.*"
        }
    },
    {
        "action": {
            "type": "block"
        },
        "trigger": {
            "url-filter": "^https?://.*\\.uerzyr\\.cn.*"
        }
    },
    {
        "action": {
            "type": "block"
        },
        "trigger": {
            "url-filter": "^https?://.*1uandun.com.*"
        }
    },
    {
        "action": {
            "type": "block"
        },
        "trigger": {
            "url-filter": "^https?://.*lzytt.com.*"
        }
    },
    {
        "action": {
            "type": "block"
        },
        "trigger": {
            "url-filter": "^https?://.*ysxufeng.com.*"
        }
    },
    {
        "action": {
            "type": "block"
        },
        "trigger": {
            "url-filter": "^https?://.*jdcbuy.com.*"
        }
    },
    {
        "action": {
            "type": "block"
        },
        "trigger": {
            "url-filter": "^https?://.*hmzsfmjc.com.*"
        }
    },
    {
        "action": {
            "type": "block"
        },
        "trigger": {
            "url-filter": "^https?://.*miiuv.com.*"
        }
    },
    {
        "action": {
            "type": "block"
        },
        "trigger": {
            "url-filter": "^https?://.*bcqom.cn.*"
        }
    },
    {
        "action": {
            "type": "block"
        },
        "trigger": {
            "url-filter": "^https?://.*diogv.com.*"
        }
    },
    {
        "action": {
            "type": "block"
        },
        "trigger": {
            "url-filter": "^https?://.*qqjmbj.com.*"
        }
    },
    {
        "action": {
            "type": "block"
        },
        "trigger": {
            "url-filter": "^https?://.*mofeing.cn.*"
        }
    },
    {
        "action": {
            "type": "block"
        },
        "trigger": {
            "url-filter": "^https?://.*juseyx.cn.*"
        }
    },
    {
        "action": {
            "type": "block"
        },
        "trigger": {
            "url-filter": "^https?://.*/banner/"
        }
    },
    {
        "action": {
            "type": "block"
        },
        "trigger": {
            "url-filter": "^https?://m\\.uuopp\\.com/"
        }
    },
    {
        "action": {
            "type": "block"
        },
        "trigger": {
            "url-filter": "^https?://m\\.dhffs\\.com/"
        }
    },
    {
        "action": {
            "type": "block"
        },
        "trigger": {
            "url-filter": "^https?://m\\.wnf8g\\.cn"
        }
    },
    {
        "action": {
            "type": "block"
        },
        "trigger": {
            "url-filter": "^https?://e.v85968.cn/"
        }
    },
    {
        "action": {
            "type": "block"
        },
        "trigger": {
            "url-filter": "^https?://.*ddshyoyo\\.com.*"
        }
    },
    {
        "action": {
            "type": "block"
        },
        "trigger": {
            "url-filter": "^https?://.*\\.sgzs999\\.com/.*"
        }
    },
    {
        "action": {
            "type": "block"
        },
        "trigger": {
            "url-filter": "^https?://.*\\.cnzz\\.com/.*"
        }
    },
    {
        "action": {
            "type": "block"
        },
        "trigger": {
            "url-filter": "^https?://.*p4p.163.com/s.*"
        }
    },
    {
        "action": {
            "type": "block"
        },
        "trigger": {
            "url-filter": "^https?://.*pg-ad-b1.nosdn.127.net.*"
        }
    },
    {
        "action": {
            "type": "block"
        },
        "trigger": {
            "url-filter": "^https?://.*163.com/newsapp.*"
        }
    },
    {
        "action": {
            "type": "block"
        },
        "trigger": {
            "url-filter": "^https?://.*gdt.qq.com.*"
        }
    },
    {
        "action": {
            "type": "block"
        },
        "trigger": {
            "url-filter": "^https?://.*recmd.html5.qq.com.*"
        }
    },
    {
        "action": {
            "type": "block"
        },
        "trigger": {
            "url-filter": "^https?://.*jd.com/dsp.*"
        }
    },
    {
        "action": {
            "type": "block"
        },
        "trigger": {
            "url-filter": "^https?://.*3diche.com.*"
        }
    },
    {
        "action": {
            "type": "block"
        },
        "trigger": {
            "url-filter": "^https?://.*/uu\\.php\\?s="
        }
    },
    {
        "action": {
            "type": "block"
        },
        "trigger": {
            "url-filter": "^https?://([^/:]*\\.)?adpush\\.cn[/:]"
        }
    },
    {
        "action": {
            "type": "block"
        },
        "trigger": {
            "url-filter": "^https?://([^/:]*\\.)?3gm\\.com\\.cn[/:]"
        }
    },
    {
        "action": {
            "type": "block"
        },
        "trigger": {
            "url-filter": "^https?://baidu[0-9]*\\.weather\\.com\\.cn[/:]"
        }
    },
    {
        "action": {
            "type": "block"
        },
        "trigger": {
            "url-filter": "^https?://([^/:]*\\.)?soarfi\\.cn[/:]"
        }
    },
    {
        "action": {
            "type": "block"
        },
        "trigger": {
            "url-filter": "^https?://([^/:]*\\.)?dnskuu\\.com[/:]"
        }
    },
    {
        "action": {
            "type": "block"
        },
        "trigger": {
            "url-filter": "^https?://([^/:]*\\.)?wrating\\.com[/:]"
        }
    },
    {
        "action": {
            "type": "block"
        },
        "trigger": {
            "if-top-url": [
                "^https?://([^/:]*\\.)?xinhuanet\\.com[/:]"
            ],
            "url-filter": "^https?://.*weixinQRcode\\.png"
        }
    },
    {
        "action": {
            "type": "block"
        },
        "trigger": {
            "if-top-url": [
                "^https?://weather\\.com[/:]"
            ],
            "url-filter": "^https?://cpro.baidu.com/cpro.*"
        }
    },
    {
        "action": {
            "type": "block"
        },
        "trigger": {
            "if-top-url": [
                "^https?://([^/:]*\\.)?toutiao\\.com"
            ],
            "url-filter": "https://s3.pstatp.com/growth/fe_sdk/bannersdk/loader.js"
        }
    },
    {
        "action": {
            "type": "block"
        },
        "trigger": {
            "if-top-url": [
                "^https?://([^/:]*\\.)?toutiao\\.com[/:]"
            ],
            "url-filter": "https://www.google-analytics.com/analytics.js"
        }
    },
    {
        "action": {
            "type": "block"
        },
        "trigger": {
            "if-top-url": [
                "^https?://([^/:]*\\.)?toutiao\\.com[/:]"
            ],
            "url-filter": "^https?://d.toutiao.com/..../"
        }
    },
    {
        "action": {
            "type": "block"
        },
        "trigger": {
            "if-top-url": [
                "^https?://([^/:]*\\.)?toutiao\\.com[/:]"
            ],
            "url-filter": ".*itunes.apple.com.*"
        }
    },
    {
        "action": {
            "type": "block"
        },
        "trigger": {
            "if-top-url": [
                "^https?://([^/:]*\\.)?toutiao\\.com[/:]"
            ],
            "url-filter": "https://s3b\\.pstatp\\.com/growth/mobile_detail/image/vwap-banner.*"
        }
    },
    {
        "action": {
            "type": "block"
        },
        "trigger": {
            "if-top-url": [
                "^https?://([^/:]*\\.)?pconline\\.com\\.cn[/:]"
            ],
            "url-filter": "^https?://m\\.yxdown\\.com/azgame.*"
        }
    },
    {
        "action": {
            "type": "block"
        },
        "trigger": {
            "if-top-url": [
                "^https?://([^/:]*\\.)?wukong\\.com[/:]"
            ],
            "url-filter": "^https?://d\\.toutiao\\.com/..../"
        }
    },
    {
        "action": {
            "type": "block"
        },
        "trigger": {
            "if-top-url": [
                "^https?://([^/:]*\\.)?wukong\\.com[/:]"
            ],
            "url-filter": "^https?://.*\\.wukong\\.com/openapp.*"
        }
    },
    {
        "action": {
            "type": "block"
        },
        "trigger": {
            "if-top-url": [
                "^https?://([^/:]*\\.)?pcpop\\.com[/:]"
            ],
            "url-filter": "^http://msite\\.baidu\\.com/sdk/.*"
        }
    },
    {
        "action": {
            "type": "block"
        },
        "trigger": {
            "url-filter": "^https?://m\\.yxdown\\.com/azgame.*"
        }
    },
    {
        "action": {
            "type": "block"
        },
        "trigger": {
            "if-top-url": [
                "^https?://([^/:]*\\.)?baozoumanhua\\.com[/:]"
            ],
            "url-filter": ".*app\\.qq\\.com.*"
        }
    },
    {
        "action": {
            "type": "block"
        },
        "trigger": {
            "if-top-url": [
                "^https?://([^/:]*\\.)?baozoumanhua\\.com[/:]"
            ],
            "url-filter": ".*s3m\\.mediav\\.com.*"
        }
    },
    {
        "action": {
            "type": "block"
        },
        "trigger": {
            "if-top-url": [
                "^https?://([^/:]*\\.)?1kkk\\.com[/:]"
            ],
            "url-filter": "^https?://([^/:]*\\.)?7724\\.com.*"
        }
    },
    {
        "action": {
            "type": "block"
        },
        "trigger": {
            "if-top-url": [
                "^https?://([^/:]*\\.)?1kkk\\.com[/:]"
            ],
            "url-filter": "^https?://([^/:]*\\.)?cdndm5\\.com/.*ad_btn_new\\.png"
        }
    },
    {
        "action": {
            "type": "block"
        },
        "trigger": {
            "if-top-url": [
                "^https?://([^/:]*\\.)?1kkk\\.com[/:]"
            ],
            "url-filter": "^https?://([^/:]*\\.)?yhcgame\\.com.*"
        }
    },
    {
        "action": {
            "type": "block"
        },
        "trigger": {
            "if-top-url": [
                "^https?://([^/:]*\\.)?dmzj\\.com[/:]"
            ],
            "url-filter": ".*dmzj\\.com/js/m_BtmApp\\.js"
        }
    },
    {
        "action": {
            "type": "block"
        },
        "trigger": {
            "if-top-url": [
                "^https?://([^/:]*\\.)?dmzj\\.com[/:]"
            ],
            "url-filter": ".*itunes\\.apple\\.com.*"
        }
    },
    {
        "action": {
            "type": "block"
        },
        "trigger": {
            "if-top-url": [
                "^https?://([^/:]*\\.)?dmzj\\.com[/:]"
            ],
            "url-filter": ".*afpmm\\.alicdn\\.com.*"
        }
    },
    {
        "action": {
            "type": "block"
        },
        "trigger": {
            "if-top-url": [
                "^https?://([^/:]*\\.)?dmzj\\.com[/:]"
            ],
            "url-filter": ".*static\\.dmzj\\.com/baidushare.*"
        }
    },
    {
        "action": {
            "selector": ".qr_code_pc_outer,.qr_code_pc,",
            "type": "css-display-none"
        },
        "trigger": {
            "url-filter": "^https?://([^/:]*\\.)?weixin\\.qq\\.com.*"
        }
    },
    {
        "action": {
            "selector": ".ui-ad,.ui-crumbs,.ui-list)",
            "type": "css-display-none"
        },
        "trigger": {
            "url-filter": "^https?://www.jianshu.com"
        }
    },
    {
        "action": {
            "type": "block"
        },
        "trigger": {
            "if-top-url": [
                "^https?://([^/:]*\\.)?autohome\\.com\\.cn[/:]"
            ],
            "url-filter": ".*app.api.autohome.com.cn/downapp.*"
        }
    },
    {
        "action": {
            "selector": ".adsame-box,#ty_msg_mod,.ads-loc-holder,:matches(.ads-loc-holder,.banner-img-mb10)",
            "type": "css-display-none"
        },
        "trigger": {
            "url-filter": "^https?://a\\.xcar\\.com\\.cn"
        }
    },
    {
        "action": {
            "selector": ".adsame-box,#ty_msg_mod,.ads-loc-holder,:matches(.ads-loc-holder,.banner-img-mb10)",
            "type": "css-display-none"
        },
        "trigger": {
            "url-filter": "^https?://bbs\\.tianya\\.cn"
        }
    },
    {
        "action": {
            "type": "block"
        },
        "trigger": {
            "if-top-url": [
                "^https?://([^/:]*\\.)?szhome\\.com[/:]"
            ],
            "url-filter": "^https?://dongdong\\.szhomeimg\\.com.*"
        }
    },
    {
        "action": {
            "type": "block"
        },
        "trigger": {
            "if-top-url": [
                "^https?://([^/:]*\\.)?19lou\\.com[/:]"
            ],
            "url-filter": "^https?://([^/:]*\\.)?p4p\\.163\\.com/s.*"
        }
    },
    {
        "action": {
            "type": "block"
        },
        "trigger": {
            "if-top-url": [
                "^https?://([^/:]*\\.)?19lou\\.com[/:]"
            ],
            "url-filter": "^https?://([^/:]*\\.)?pg-ad-b1\\.nosdn\\.127\\.net.*"
        }
    },
    {
        "action": {
            "type": "block"
        },
        "trigger": {
            "if-top-url": [
                "^https?://([^/:]*\\.)?19lou\\.com[/:]"
            ],
            "url-filter": "^https?://([^/:]*\\.)?163\\.com/newsapp.*"
        }
    },
    {
        "action": {
            "selector": ".ui-ad,.ui-crumbs,.ui-list",
            "type": "css-display-none"
        },
        "trigger": {
            "url-filter": "^https?://m.hupu.com"
        }
    },
    {
        "action": {
            "selector": ".ui-ad,.ui-crumbs,.ui-list)",
            "type": "css-display-none"
        },
        "trigger": {
            "url-filter": "^https?://([^/:]*\\.)?libaclub\\.com"
        }
    },
    {
        "action": {
            "type": "block"
        },
        "trigger": {
            "if-top-url": [
                "^https?://([^/:]*\\.)?163\\.com[/:]"
            ],
            "url-filter": "^https?://g.163.com/ur?.*callback=ad_info_.*"
        }
    },
    {
        "action": {
            "type": "block"
        },
        "trigger": {
            "url-filter": "^https?://([^/:]*\\.)?xhera\\.cn[/:]"
        }
    },
    {
        "action": {
            "type": "block"
        },
        "trigger": {
            "if-top-url": [
                "^https?://([^/:]*\\.)?mianhuatang\\.la[/:]",
                "^https?://([^/:]*\\.)?5du5\\.la[/:]",
                "^https?://([^/:]*\\.)?23us\\.so[/:]",
                "^https?://([^/:]*\\.)?23wx\\.cc[/:]",
                "^https?://([^/:]*\\.)?biqiuge\\.com[/:]",
                "^https?://([^/:]*\\.)?qu\\.la[/:]",
                "^https?://([^/:]*\\.)?biqudao\\.com[/:]",
                "^https?://([^/:]*\\.)?biqudu\\.com[/:]",
                "^https?://([^/:]*\\.)?liewen\\.cc[/:]",
                "^https?://([^/:]*\\.)?yqzww\\.net[/:]",
                "^https?://([^/:]*\\.)?yznnw\\.com[/:]",
                "^https?://([^/:]*\\.)?258zw\\.com[/:]",
                "^https?://([^/:]*\\.)?xiaoshuo2016\\.com[/:]",
                "^https?://([^/:]*\\.)?xbiquge6\\.com[/:]",
                "^https?://([^/:]*\\.)?yidudu\\.cc[/:]",
                "^https?://([^/:]*\\.)?zhulang\\.com[/:]",
                "^https?://([^/:]*\\.)?yawenb\\.com[/:]",
                "^https?://([^/:]*\\.)?wtzw\\.com[/:]",
                "^https?://([^/:]*\\.)?wanben\\.me[/:]",
                "^https?://([^/:]*\\.)?tadu\\.com[/:]",
                "^https?://([^/:]*\\.)?mht\\.la[/:]",
                "^https?://([^/:]*\\.)?liewen\\.cc[/:]",
                "^https?://([^/:]*\\.)?kanunu8\\.com[/:]",
                "^https?://([^/:]*\\.)?hkslg\\.net[/:]",
                "^https?://([^/:]*\\.)?bxwx8\\.com[/:]",
                "^https?://([^/:]*\\.)?bxwx3\\.org[/:]",
                "^https?://([^/:]*\\.)?bxwx\\.la[/:]",
                "^https?://([^/:]*\\.)?bqg5200\\.com[/:]",
                "^https?://([^/:]*\\.)?bjgjwy\\.com[/:]",
                "^https?://([^/:]*\\.)?bixia\\.org[/:]",
                "^https?://([^/:]*\\.)?23wxw\\.cc[/:]",
                "^https?://([^/:]*\\.)?boluoxs\\.com[/:]"
            ],
            "load-type": [
                "third-party"
            ],
            "resource-type": [
                "document",
                "style-sheet",
                "script",
                "font",
                "raw",
                "svg-document",
                "media",
                "popup"
            ],
            "url-filter": "^https?://([^/:]*\\.)?.*"
        }
    },
    {
        "action": {
            "type": "block"
        },
        "trigger": {
            "url-filter": "^https?://boardy\\.huanqiu\\.com/smu[0-9]+/[a-z]+.html",
            "if-top-url": ["^https?://([^/:]*\\.)?mydrivers\\.com[/:]"]
        }
    },
    {
        "action": {
            "type": "block"
        },
        "trigger": {
            "url-filter": "^https?://([^/:]*\\.)?mydrivers\\.com[/:]/.*/adview_.*\\.js",
            "if-top-url": ["^https?://([^/:]*\\.)?mydrivers\\.com[/:]"]
        }
    },
    {
        "action": {
            "type": "block"
        },
        "trigger": {
            "url-filter": "^https?://cdn\\.adx[0-9]+\\.com/.*\\.js"
        }
    }
]
